"First Name","Last Name",Email,Password
John,Smith,john.smith1@domain.com,Password001!
Jane,Johnson,jane.johnson2@domain.com,Password002!
Michael,Williams,michael.williams3@domain.com,Password003!
Sarah,Brown,sarah.brown4@domain.com,Password004!
David,Jones,david.jones5@domain.com,Password005!
Emily,Garcia,emily.garcia6@domain.com,Password006!
Robert,Miller,robert.miller7@domain.com,Password007!
Lisa,Davis,lisa.davis8@domain.com,Password008!
William,Rodriguez,william.rodriguez9@domain.com,Password009!
Jennifer,Martinez,jennifer.martinez10@domain.com,Password010!
James,Hernandez,james.hernandez11@domain.com,Password011!
Amanda,Lopez,amanda.lopez12@domain.com,Password012!
Daniel,Gonzalez,daniel.gonzalez13@domain.com,Password013!
Jessica,Wilson,jessica.wilson14@domain.com,Password014!
Matthew,Anderson,matthew.anderson15@domain.com,Password015!
Ashley,Thomas,ashley.thomas16@domain.com,Password016!
Christopher,Taylor,christopher.taylor17@domain.com,Password017!
Stephanie,Moore,stephanie.moore18@domain.com,Password018!
Andrew,Jackson,andrew.jackson19@domain.com,Password019!
Nicole,Martin,nicole.martin20@domain.com,Password020!
Joshua,Lee,joshua.lee21@domain.com,Password021!
Melissa,Perez,melissa.perez22@domain.com,Password022!
Ryan,Thompson,ryan.thompson23@domain.com,Password023!
Elizabeth,White,elizabeth.white24@domain.com,Password024!
Brandon,Harris,brandon.harris25@domain.com,Password025!
